Channel Id,Channel Url,Channel Title
UC-lHJZR3Gqxm24_Vd_AJ5Yw,http://www.youtube.com/channel/UC-lHJZR3Gqxm24_Vd_AJ5Yw,PewDiePie
UC0KfjyvabuE2J-RBC6ko2Lw,http://www.youtube.com/channel/UC0KfjyvabuE2J-RBC6ko2Lw,Mac Address
UC0e3QhIYukixgh5VVpKHH9Q,http://www.youtube.com/channel/UC0e3QhIYukixgh5VVpKHH9Q,Code Bullet
UC1mvcfwzvGrU0GY_xnG-n_Q,http://www.youtube.com/channel/UC1mvcfwzvGrU0GY_xnG-n_Q,Sneegsnag
UC1n_PfsVqxllCcnMPlxBIjw,http://www.youtube.com/channel/UC1n_PfsVqxllCcnMPlxBIjw,Wilbur Soot
UC2C_jShtL725hvbm1arSV9w,http://www.youtube.com/channel/UC2C_jShtL725hvbm1arSV9w,CGP Grey
UC2EQTEfNO6Uzx84IvJjjE-Q,http://www.youtube.com/channel/UC2EQTEfNO6Uzx84IvJjjE-Q,Minecraft Manhunt
UC2mP7il3YV7TxM_3m6U0bwA,http://www.youtube.com/channel/UC2mP7il3YV7TxM_3m6U0bwA,jschlattLIVE
UC3S-tYM-oNvzuCQHD8cUvqg,http://www.youtube.com/channel/UC3S-tYM-oNvzuCQHD8cUvqg,Lovejoy
UC3WPr2tp5UaVIMxbowcpu3A,http://www.youtube.com/channel/UC3WPr2tp5UaVIMxbowcpu3A,Punz
UC3XTzVzaHQEd30rQbuvCtTQ,http://www.youtube.com/channel/UC3XTzVzaHQEd30rQbuvCtTQ,LastWeekTonight
UC4-79UOlP48-QNGgCko5p2g,http://www.youtube.com/channel/UC4-79UOlP48-QNGgCko5p2g,MrBeast Shorts
UC4uKK_YwAxTfad3x8cAJb6A,http://www.youtube.com/channel/UC4uKK_YwAxTfad3x8cAJb6A,MrBro
UC5JYRErFekvgcd2Sb-s8-Tg,http://www.youtube.com/channel/UC5JYRErFekvgcd2Sb-s8-Tg,S2W
UC5SCCTlzTrHOeNxGgFtkKjA,http://www.youtube.com/channel/UC5SCCTlzTrHOeNxGgFtkKjA,HBomb94
UC5UAwBUum7CPN5buc-_N1Fw,http://www.youtube.com/channel/UC5UAwBUum7CPN5buc-_N1Fw,The Linux Experiment
UC5p_l5ZeB_wGjO_yDXwiqvw,http://www.youtube.com/channel/UC5p_l5ZeB_wGjO_yDXwiqvw,TommyInnit
UC68DIXWCmetC8N5J_Kc5gjQ,http://www.youtube.com/channel/UC68DIXWCmetC8N5J_Kc5gjQ,Don't Subscribe
UC6H65RnCt4AJWkWixWKW-lA,http://www.youtube.com/channel/UC6H65RnCt4AJWkWixWKW-lA,billzo
UC6xUVN7hFL43GY9Uz7xQvsg,http://www.youtube.com/channel/UC6xUVN7hFL43GY9Uz7xQvsg,tomaye
UC7nm9Nzo12SDQzrxJS8xdVg,http://www.youtube.com/channel/UC7nm9Nzo12SDQzrxJS8xdVg,countdown
UC7qJshvWhYX0Nx1qrI3eu1Q,http://www.youtube.com/channel/UC7qJshvWhYX0Nx1qrI3eu1Q,PiTV
UC7sqoPEAFZUca0mukF6aOtg,http://www.youtube.com/channel/UC7sqoPEAFZUca0mukF6aOtg,Dj Earworm
UC9RM-iSvTu1uPJb8X5yp3EQ,http://www.youtube.com/channel/UC9RM-iSvTu1uPJb8X5yp3EQ,Wendover Productions
UC9bvUn7x3IrZ4yMANYjexUw,http://www.youtube.com/channel/UC9bvUn7x3IrZ4yMANYjexUw,Dream Team Gaming
UC9fL3wCScZUbAln6hvsqsuQ,http://www.youtube.com/channel/UC9fL3wCScZUbAln6hvsqsuQ,The Let's Play Channel
UC9gVCa6ap-KDayMRPg5wjIg,http://www.youtube.com/channel/UC9gVCa6ap-KDayMRPg5wjIg,TommyVODS
UC9x0AN7BWHpCDHSm9NiJFJQ,http://www.youtube.com/channel/UC9x0AN7BWHpCDHSm9NiJFJQ,NetworkChuck
UCA1mxOwASgWGYkvxN20-MBw,http://www.youtube.com/channel/UCA1mxOwASgWGYkvxN20-MBw,EvanMCGaming
UCA2tt9GSU2sl8rAqjlLR3mQ,http://www.youtube.com/channel/UCA2tt9GSU2sl8rAqjlLR3mQ,GeorgeNotFound
UCAJNRT2xIBYBsomYXo9u5LA,http://www.youtube.com/channel/UCAJNRT2xIBYBsomYXo9u5LA,awesamdude
UCAc5-CySN7SKYiNPznLIflQ,http://www.youtube.com/channel/UCAc5-CySN7SKYiNPznLIflQ,iDevice Central
UCAiLfjNXkNv24uhpzUgPa6A,http://www.youtube.com/channel/UCAiLfjNXkNv24uhpzUgPa6A,Beast Philanthropy
UCAz5JW1_oryewk0eR-eP7Bw,http://www.youtube.com/channel/UCAz5JW1_oryewk0eR-eP7Bw,Tubbo
UCBCuUUPr6Lo8RmmhVFySoiQ,http://www.youtube.com/channel/UCBCuUUPr6Lo8RmmhVFySoiQ,JackMasseyWelsh
UCBJycsmduvYEL83R_U4JriQ,http://www.youtube.com/channel/UCBJycsmduvYEL83R_U4JriQ,Marques Brownlee
UCBNG0osIBAprVcZZ3ic84vw,http://www.youtube.com/channel/UCBNG0osIBAprVcZZ3ic84vw,Jim Browning
UCBZiUUYeLfS5rIj4TQvgSvA,http://www.youtube.com/channel/UCBZiUUYeLfS5rIj4TQvgSvA,Channel Super Fun
UCBa659QWEk1AI4Tg--mrJ2A,http://www.youtube.com/channel/UCBa659QWEk1AI4Tg--mrJ2A,Tom Scott
UCC11D7aoO_UYxJJPyEiatsw,http://www.youtube.com/channel/UCC11D7aoO_UYxJJPyEiatsw,TommySHORTS
UCC9EjyMN_hx5NdctLBx5X7w,http://www.youtube.com/channel/UCC9EjyMN_hx5NdctLBx5X7w,Scammer Payback
UCCE5NVlm0FhbunMMBT48WAw,http://www.youtube.com/channel/UCCE5NVlm0FhbunMMBT48WAw,Fundy
UCC_7vWmpYxj1dUy9FujlUsA,http://www.youtube.com/channel/UCC_7vWmpYxj1dUy9FujlUsA,Xeleon
UCCeYcY6p10EsZVdQTrr_WSw,http://www.youtube.com/channel/UCCeYcY6p10EsZVdQTrr_WSw,awesamVODS
UCCir1_jQ18cY_Av4O4frhhQ,http://www.youtube.com/channel/UCCir1_jQ18cY_Av4O4frhhQ,Tugboat Vlogs
UCDogdKl7t7NHzQ95aEwkdMw,http://www.youtube.com/channel/UCDogdKl7t7NHzQ95aEwkdMw,Sidemen
UCDrekHmOnkptxq3gUU0IyfA,http://www.youtube.com/channel/UCDrekHmOnkptxq3gUU0IyfA,Devon Crawford
UCEKH2P285Qylr60_e32Xn_g,http://www.youtube.com/channel/UCEKH2P285Qylr60_e32Xn_g,SapnapLIVE
UCEb6_Er1WLQJE8XFbDnUhHg,http://www.youtube.com/channel/UCEb6_Er1WLQJE8XFbDnUhHg,The Teabagels
UCF9R3Ln-u52vUdSO-pFdETw,http://www.youtube.com/channel/UCF9R3Ln-u52vUdSO-pFdETw,JacksEpicYoutubeChannelFullOfFunTimesAndFunHiRickX
UCFAiFyGs6oDiF1Nf-rRJpZA,http://www.youtube.com/channel/UCFAiFyGs6oDiF1Nf-rRJpZA,Technoblade
UCFLFc8Lpbwt4jPtY1_Ai5yA,http://www.youtube.com/channel/UCFLFc8Lpbwt4jPtY1_Ai5yA,LMG Clips
UCFbZ2e9IrPejOdp8wsKUxvA,http://www.youtube.com/channel/UCFbZ2e9IrPejOdp8wsKUxvA,QuackiTwo
UCFbtXFIaAJ0fOtgyeDs8Jog,http://www.youtube.com/channel/UCFbtXFIaAJ0fOtgyeDs8Jog,Online Lore
UCG8rbF3g2AMX70yOd8vqIZg,http://www.youtube.com/channel/UCG8rbF3g2AMX70yOd8vqIZg,Logan Paul
UCGmnsW623G1r-Chmo5RB4Yw,http://www.youtube.com/channel/UCGmnsW623G1r-Chmo5RB4Yw,JJ Olatunji
UCHZ986wm_sJT6wntdDTIIcw,http://www.youtube.com/channel/UCHZ986wm_sJT6wntdDTIIcw,FitMC
UCHebHqofQfTEtLKmDM-pbmA,http://www.youtube.com/channel/UCHebHqofQfTEtLKmDM-pbmA,Hannahxxrose
UCIPPMRA040LQr5QPyJEbmXA,http://www.youtube.com/channel/UCIPPMRA040LQr5QPyJEbmXA,MrBeast Gaming
UCIjeURQHxjzFcRP6031BSDg,http://www.youtube.com/channel/UCIjeURQHxjzFcRP6031BSDg,Captain Puffy
UCJ0-OtVpF0wOKEqT2Z1HEtA,http://www.youtube.com/channel/UCJ0-OtVpF0wOKEqT2Z1HEtA,ElectroBOOM
UCJ2KvithJYlildF6SnOn5NA,http://www.youtube.com/channel/UCJ2KvithJYlildF6SnOn5NA,Channelnutpig
UCJdxdc4MqvZRD9oFYoCl7wQ,http://www.youtube.com/channel/UCJdxdc4MqvZRD9oFYoCl7wQ,Tom Simons
UCJhTTqtsvThK99_IbNDtwSw,http://www.youtube.com/channel/UCJhTTqtsvThK99_IbNDtwSw,FundyLIVE
UCKKiQ8Bz3pgiJ7JdqNrQfeQ,http://www.youtube.com/channel/UCKKiQ8Bz3pgiJ7JdqNrQfeQ,Mehditation
UCKQ-wNdh0kO5qnpPfXa2hjQ,http://www.youtube.com/channel/UCKQ-wNdh0kO5qnpPfXa2hjQ,Ranboo
UCL5W9kuKIQtXEVAxSadB2BQ,http://www.youtube.com/channel/UCL5W9kuKIQtXEVAxSadB2BQ,xisumatwo
UCL81YHgzH8tcrFfOJJwlSQw,http://www.youtube.com/channel/UCL81YHgzH8tcrFfOJJwlSQw,LinusCatTips
UCNIuvl7V8zACPpTmmNIqP2A,http://www.youtube.com/channel/UCNIuvl7V8zACPpTmmNIqP2A,OverSimplified
UCNlfMcV8ettCBDXP3MQMM6Q,http://www.youtube.com/channel/UCNlfMcV8ettCBDXP3MQMM6Q,Misfits Gaming
UCO2x-p9gg9TLKneXlibGR7w,http://www.youtube.com/channel/UCO2x-p9gg9TLKneXlibGR7w,Snazzy Labs
UCO8DQrSp5yEP937qNqTooOw,http://www.youtube.com/channel/UCO8DQrSp5yEP937qNqTooOw,Strange Parts
UCOhJWGUihAcbMGRMPm8KO0A,http://www.youtube.com/channel/UCOhJWGUihAcbMGRMPm8KO0A,Comic Crafter
UCPDTrtVU72FgD6QHVY2d04Q,http://www.youtube.com/channel/UCPDTrtVU72FgD6QHVY2d04Q,Not GeorgeNotFound
UCPJHQ5_DLtxZ1gzBvZE99_g,http://www.youtube.com/channel/UCPJHQ5_DLtxZ1gzBvZE99_g,AnthonyPadilla
UCPcFg7aBbaVzXoIKSNqwaww,http://www.youtube.com/channel/UCPcFg7aBbaVzXoIKSNqwaww,jacksfilms
UCQ6fPy9wr7qnMxAbFOGBaLw,http://www.youtube.com/channel/UCQ6fPy9wr7qnMxAbFOGBaLw,Computer Clan
UCQSpnDG3YsFNf5-qHocF-WQ,http://www.youtube.com/channel/UCQSpnDG3YsFNf5-qHocF-WQ,ThioJoe
UCQmzgjEb7X6--w7CSE1erJg,http://www.youtube.com/channel/UCQmzgjEb7X6--w7CSE1erJg,Slimecicle
UCREa2DYQx7m9vHFIpbmt2-w,http://www.youtube.com/channel/UCREa2DYQx7m9vHFIpbmt2-w,PippenFTS
UCRlEFn0L2G_DktbyvN0AZ5A,http://www.youtube.com/channel/UCRlEFn0L2G_DktbyvN0AZ5A,WadZee
UCSl57GrlTnsbRt-whzeTufg,http://www.youtube.com/channel/UCSl57GrlTnsbRt-whzeTufg,StarBlaze Empire
UCTWcrFkcu1RtWlj0EXfNN-A,http://www.youtube.com/channel/UCTWcrFkcu1RtWlj0EXfNN-A,Nicro
UCTjqo_3046IXFFGZ_M5jedA,http://www.youtube.com/channel/UCTjqo_3046IXFFGZ_M5jedA,jackisanerd
UCTkXRDQl0luXxVQrRQvWS6w,http://www.youtube.com/channel/UCTkXRDQl0luXxVQrRQvWS6w,Dream
UCU9pX8hKcrx06XfOB-VQLdw,http://www.youtube.com/channel/UCU9pX8hKcrx06XfOB-VQLdw,xisumavoid
UCUVahoidFA7F3Asfvamrm7w,http://www.youtube.com/channel/UCUVahoidFA7F3Asfvamrm7w,CodePulse
UCUaT_39o1x6qWjz7K2pWcgw,http://www.youtube.com/channel/UCUaT_39o1x6qWjz7K2pWcgw,Beast Reacts
UCUdvO__Xlf_8waINPSrdLCg,http://www.youtube.com/channel/UCUdvO__Xlf_8waINPSrdLCg,ConflictNerd
UCUzQJ3JBuQ9w-po4TXRJHiA,http://www.youtube.com/channel/UCUzQJ3JBuQ9w-po4TXRJHiA,jdh
UCV--8wtuyGo3vMtIdeq4j3w,http://www.youtube.com/channel/UCV--8wtuyGo3vMtIdeq4j3w,Technothepig
UCVeW9qkBjo3zosnqUbG7CFw,http://www.youtube.com/channel/UCVeW9qkBjo3zosnqUbG7CFw,John Hammond
UCVhZyGllAVd-Wl6kNufV0uA,http://www.youtube.com/channel/UCVhZyGllAVd-Wl6kNufV0uA,JackManifoldTV
UCVtFOytbRpEvzLjvqGG5gxQ,http://www.youtube.com/channel/UCVtFOytbRpEvzLjvqGG5gxQ,KSI
UCW5OrUZ4SeUYkUg1XqcjFYA,http://www.youtube.com/channel/UCW5OrUZ4SeUYkUg1XqcjFYA,GeoWizard
UCX6OQ3DkcsbYNE6H8uQQuVA,http://www.youtube.com/channel/UCX6OQ3DkcsbYNE6H8uQQuVA,MrBeast
UCXoqL7S2DjbrJe5ewfmlDvw,http://www.youtube.com/channel/UCXoqL7S2DjbrJe5ewfmlDvw,slicedlime
UCXuqSBlHAE6Xw-yeJA0Tunw,http://www.youtube.com/channel/UCXuqSBlHAE6Xw-yeJA0Tunw,Linus Tech Tips
UCY1kMZp36IQSyNx_9h4mpCg,http://www.youtube.com/channel/UCY1kMZp36IQSyNx_9h4mpCg,Mark Rober
UCYPPUptn0StnZX9k1u8ztCQ,http://www.youtube.com/channel/UCYPPUptn0StnZX9k1u8ztCQ,Rock
UCYsOW2PkoNjdYol4ej8OYLw,http://www.youtube.com/channel/UCYsOW2PkoNjdYol4ej8OYLw,IlluminaHD
UCYzPXprvl5Y-Sf0g4vX-m6g,http://www.youtube.com/channel/UCYzPXprvl5Y-Sf0g4vX-m6g,jacksepticeye
UCZDA1kA3y3EIg25BpcHSpwQ,http://www.youtube.com/channel/UCZDA1kA3y3EIg25BpcHSpwQ,Tinkernut
UCZMU11yfcRnQ-GhXyEUkQPg,http://www.youtube.com/channel/UCZMU11yfcRnQ-GhXyEUkQPg,Daye One Beats
UCZWBGXa6kiaWo9-pE8CX6Dg,http://www.youtube.com/channel/UCZWBGXa6kiaWo9-pE8CX6Dg,Dream Shorts
UCZzvDDvaYti8Dd8bLEiSoyQ,http://www.youtube.com/channel/UCZzvDDvaYti8Dd8bLEiSoyQ,MrBeast 2
UC_8NknAFiyhOUaZqHR3lq3Q,http://www.youtube.com/channel/UC_8NknAFiyhOUaZqHR3lq3Q,Quackity
UC_bjOaM7jR8lmPoAmaRPPnQ,http://www.youtube.com/channel/UC_bjOaM7jR8lmPoAmaRPPnQ,Niki Nihachu
UC_pVTvy_m2POkjKrQJ9yqww,http://www.youtube.com/channel/UC_pVTvy_m2POkjKrQJ9yqww,CUL8R GANG
UC_uMv3bNXwapHl8Dzf2p01Q,http://www.youtube.com/channel/UC_uMv3bNXwapHl8Dzf2p01Q,Lil Nas X
UC_vRow-5SacIB2W-35XHK7w,http://www.youtube.com/channel/UC_vRow-5SacIB2W-35XHK7w,Actual School: What They Should've Taught You
UCaBOIBVD_f6eyRRRBRrCz8w,http://www.youtube.com/channel/UCaBOIBVD_f6eyRRRBRrCz8w,Dirty Tesla
UCaFUrR3oSxOl5Y9y6tvLTEg,http://www.youtube.com/channel/UCaFUrR3oSxOl5Y9y6tvLTEg,WillNE
UCazc96ZkFRKSGt7hDNR1Wfg,http://www.youtube.com/channel/UCazc96ZkFRKSGt7hDNR1Wfg,We The Sus Music
UCb31gOY6OD8ES0zP8M0GhAw,http://www.youtube.com/channel/UCb31gOY6OD8ES0zP8M0GhAw,Max Fosh
UCbu2qTa75eyjwCKOugX8F6A,http://www.youtube.com/channel/UCbu2qTa75eyjwCKOugX8F6A,turd boi420
UCcXUhZB4t3g8EGdYiqwS4Aw,http://www.youtube.com/channel/UCcXUhZB4t3g8EGdYiqwS4Aw,sandiction
UCca2961Ton2js_f9IDXK9Wg,http://www.youtube.com/channel/UCca2961Ton2js_f9IDXK9Wg,Trilogy Media
UCd0ZD4iCXRXf18p3cA7EQfg,http://www.youtube.com/channel/UCd0ZD4iCXRXf18p3cA7EQfg,Taran Van Hemert
UCd15dSPPT-EhTXekA7_UNAQ,http://www.youtube.com/channel/UCd15dSPPT-EhTXekA7_UNAQ,JackSucksAtGeography
UCdBK94H6oZT2Q7l0-b0xmMg,http://www.youtube.com/channel/UCdBK94H6oZT2Q7l0-b0xmMg,ShortCircuit
UCdcUmdOxMrhRjKMw-BX19AA,http://www.youtube.com/channel/UCdcUmdOxMrhRjKMw-BX19AA,Niko Omilana
UCeB7u4PW0eHu2gL-LY143xg,http://www.youtube.com/channel/UCeB7u4PW0eHu2gL-LY143xg,The Weekly Thing
UCeLHszkByNZtPKcaVXOCOQQ,http://www.youtube.com/channel/UCeLHszkByNZtPKcaVXOCOQQ,Post Malone
UCeeFfhMcJa1kjtfZAGskOCA,http://www.youtube.com/channel/UCeeFfhMcJa1kjtfZAGskOCA,TechLinked
UCef29bYGgUSoJjVkqhcAPkw,http://www.youtube.com/channel/UCef29bYGgUSoJjVkqhcAPkw,David Dobrik Too
UCewMTclBJZPaNEfbf-qYMGA,http://www.youtube.com/channel/UCewMTclBJZPaNEfbf-qYMGA,JackSucksAtLife
UCfoK9LI9vmQQ36zqsFZtNJQ,http://www.youtube.com/channel/UCfoK9LI9vmQQ36zqsFZtNJQ,Airforceproud95
UCg6gPGh8HU2U01vaFCAsvmQ,http://www.youtube.com/channel/UCg6gPGh8HU2U01vaFCAsvmQ,Chris Titus Tech
UCgAyQyy6x3L-tmM1GICelGA,http://www.youtube.com/channel/UCgAyQyy6x3L-tmM1GICelGA,TommyOutit
UCgEo1zXlYoUvL9btrdR9Csg,http://www.youtube.com/channel/UCgEo1zXlYoUvL9btrdR9Csg,jschlattVODS
UCgpRORu9JQFC_jtQeQ99hBA,http://www.youtube.com/channel/UCgpRORu9JQFC_jtQeQ99hBA,OTK
UCgzg_f5HC6EnY-9q5Px1Q-g,http://www.youtube.com/channel/UCgzg_f5HC6EnY-9q5Px1Q-g,Code Bullets Day Off
UCh5mLn90vUaB1PbRRx_AiaA,http://www.youtube.com/channel/UCh5mLn90vUaB1PbRRx_AiaA,MoreSidemen
UChLNLQ6r-aGrIFWo_1A9tKQ,http://www.youtube.com/channel/UChLNLQ6r-aGrIFWo_1A9tKQ,JACKSEPICYOUTUBECHANNELFULLOFFUNTIMESANDFUNHIRICKXHASNOTHINGONMEIAMTHESUPERIORCHANNELIHAVEMORECHARACTERSTHANALLOFJACKSYOUTUBECHANNELSCOMBINEDHAHAHAHAIHAVEMORECHARACTERSTHANJACKSUCKSATLIFEJACKSUCKSATSTUFFJACKMASSEYWELSHJACKSUCKSATGEOGRAPHYJACKSUCKSATCLIPSSAMSMELLSOFAPRICOTSJACKSUCKSATPOPUPPIRATEETCETCIMAGINETHISONAPLAYBUTTONJESUSCHRISTBTWPLEASESUBSCRIBETHANKYOUVERYMUCHHIRICKXxXxXX
UChU3JRloULzdFX3aCu7BiSA,http://www.youtube.com/channel/UChU3JRloULzdFX3aCu7BiSA,DreamXD
UChWHDyOrfyXJV1jMSwCasSA,http://www.youtube.com/channel/UChWHDyOrfyXJV1jMSwCasSA,TubboLIVE
UCj34AOIMl_k1fF7hcBkD_dw,http://www.youtube.com/channel/UCj34AOIMl_k1fF7hcBkD_dw,EverythingApplePro E A P
UCj9fD9faZE8t1gAcG8Td4UA,http://www.youtube.com/channel/UCj9fD9faZE8t1gAcG8Td4UA,Dream Music
UCjSEJkpGbcZhvo0lr-44X_w,http://www.youtube.com/channel/UCjSEJkpGbcZhvo0lr-44X_w,TechHut
UClY084mbGLK_SLlOfgizjow,http://www.youtube.com/channel/UClY084mbGLK_SLlOfgizjow,SalC1
UClcE-kVhqyiHCcjYwcpfj9w,http://www.youtube.com/channel/UClcE-kVhqyiHCcjYwcpfj9w,LiveOverflow
UCmh5gdwCx6lN7gEC20leNVA,http://www.youtube.com/channel/UCmh5gdwCx6lN7gEC20leNVA,David Dobrik
UCnngczdIv1OJiYzs440V7mw,http://www.youtube.com/channel/UCnngczdIv1OJiYzs440V7mw,Wad2ee
UCp3yVOm6A55nx65STpm3tXQ,http://www.youtube.com/channel/UCp3yVOm6A55nx65STpm3tXQ,Craft Computing
UCpCJRHoggwXQhuFbW4gjM_w,http://www.youtube.com/channel/UCpCJRHoggwXQhuFbW4gjM_w,JackSucksAtPopUpPirate
UCpXwMqnXfJzazKS5fJ8nrVw,http://www.youtube.com/channel/UCpXwMqnXfJzazKS5fJ8nrVw,shiey
UCpZy-Hfqcxf-R7nQzlv9Bvw,http://www.youtube.com/channel/UCpZy-Hfqcxf-R7nQzlv9Bvw,Brandon Butch
UCpaaQyTQhpZBC1cw3D9Ciog,http://www.youtube.com/channel/UCpaaQyTQhpZBC1cw3D9Ciog,Derivakat
UCqynl7rdtktKMQESdSBmE-g,http://www.youtube.com/channel/UCqynl7rdtktKMQESdSBmE-g,Sapnap
UCrPseYLGpNygVi34QpGNqpA,http://www.youtube.com/channel/UCrPseYLGpNygVi34QpGNqpA,Ludwig
UCrR2Hw1dQn08mZbFylmRXNQ,http://www.youtube.com/channel/UCrR2Hw1dQn08mZbFylmRXNQ,Jack P
UCrZKnWgOaYTTc7sc1KsVXZw,http://www.youtube.com/channel/UCrZKnWgOaYTTc7sc1KsVXZw,i
UCrjliuC6PeXJ4P8XYl_iETQ,http://www.youtube.com/channel/UCrjliuC6PeXJ4P8XYl_iETQ,ThioJoeTech
UCrvF7crv7U50zCnam5tmyng,http://www.youtube.com/channel/UCrvF7crv7U50zCnam5tmyng,Foolish Gamers
UCs6KfncB4OV6Vug4o_bzijg,http://www.youtube.com/channel/UCs6KfncB4OV6Vug4o_bzijg,Techlore
UCsBjURrPoezykLs9EqgamOA,http://www.youtube.com/channel/UCsBjURrPoezykLs9EqgamOA,Fireship
UCsXVk37bltHxD1rDPwtNM8Q,http://www.youtube.com/channel/UCsXVk37bltHxD1rDPwtNM8Q,Kurzgesagt â€“ In a Nutshell
UCsnGwSIHyoYN0kiINAGUKxg,http://www.youtube.com/channel/UCsnGwSIHyoYN0kiINAGUKxg,Wolfgang's Channel
UCsodRQuyfNrnM0Q8Qtjzaww,http://www.youtube.com/channel/UCsodRQuyfNrnM0Q8Qtjzaww,PhilzaCLIPS
UCtWJFkS6AQ4dQ_nUTBPWi4A,http://www.youtube.com/channel/UCtWJFkS6AQ4dQ_nUTBPWi4A,GeorgeWasFound
UCto7D1L-MiRoOziCXK9uT5Q,http://www.youtube.com/channel/UCto7D1L-MiRoOziCXK9uT5Q,Let's Game It Out
UCuCkxoKLYO_EQ2GeFtbM_bw,http://www.youtube.com/channel/UCuCkxoKLYO_EQ2GeFtbM_bw,Half as Interesting
UCuWWK5aYVT78H97wbtVJCgw,http://www.youtube.com/channel/UCuWWK5aYVT78H97wbtVJCgw,Flabaliki
UCv3Kk__aFcKKx_o2686uQcw,http://www.youtube.com/channel/UCv3Kk__aFcKKx_o2686uQcw,SAD-ist
UCvlWPJSbHNLLLA-QhXhOD9w,http://www.youtube.com/channel/UCvlWPJSbHNLLLA-QhXhOD9w,law violator
UCvsdQrg8SkOvS2WiVXA5S4A,http://www.youtube.com/channel/UCvsdQrg8SkOvS2WiVXA5S4A,Ph1LzA
UCwhiRo2CSPODulancVnWopQ,http://www.youtube.com/channel/UCwhiRo2CSPODulancVnWopQ,ejsafc
UCx8tCr8K-8N1SAZOhDiDuEQ,http://www.youtube.com/channel/UCx8tCr8K-8N1SAZOhDiDuEQ,Houst10
UCxLIJccyaRQDeyu6RzUsPuw,http://www.youtube.com/channel/UCxLIJccyaRQDeyu6RzUsPuw,JackSucksAtStuff
UCxeHlUzzLotmE8Yo9R-8m6w,http://www.youtube.com/channel/UCxeHlUzzLotmE8Yo9R-8m6w,University of Iowa
UCxkM67T_Iele-mRVUiBkRqg,http://www.youtube.com/channel/UCxkM67T_Iele-mRVUiBkRqg,Jet Lag: The Game
UCy2b5p8-XccSOR_x5HGpiRA,http://www.youtube.com/channel/UCy2b5p8-XccSOR_x5HGpiRA,censiCLICK
UCyktGLVQchOpvKgL7GShDWA,http://www.youtube.com/channel/UCyktGLVQchOpvKgL7GShDWA,Jack Massey Welsh
UCzEnk4KWFlSj_PjXLz0-GMA,http://www.youtube.com/channel/UCzEnk4KWFlSj_PjXLz0-GMA,EmKay
UCzZLX5xGfjzXhRRzc8ruG8Q,http://www.youtube.com/channel/UCzZLX5xGfjzXhRRzc8ruG8Q,ConnorEatsPants